TweetId,Label
306486520121012224,Politics
286353402605228032,Sports
289531046037438464,Politics
306451661403062273,Sports
297941800658812928,Politics
305722428531802112,Sports
304713516256997377,Politics
234999630725783553,Politics
303712268372283392,Sports
304215754130194432,Politics
305498714527633408,Politics
302482560242565120,Sports
305496375985070080,Politics
305562747888865280,Sports
302124227975335937,Politics
279308630564679680,Politics
294826406272188416,Sports
304688274469969920,Sports
234244701153288192,Sports
274267981998075904,Politics
305715656295329793,Politics
306154104613396480,Politics
304684623068282880,Politics
304825577578307584,Politics
302308069910667264,Politics
301525859486035970,Politics
306492903415492608,Politics
234787015915339777,Sports
293739405968023553,Sports
303812743222398976,Politics
306628625795543042,Sports
297898518444658688,Sports
269322578181619712,Politics
296258883800936448,Sports
297967865334726658,Sports
304261877335224321,Politics
305935970614792193,Sports
281859108540407808,Sports
297992477766479872,Politics
304762492746334208,Politics
302518289752526848,Politics
297356896988442624,Sports
306786449641062403,Politics
296054644059291649,Sports
298018378390573056,Sports
304287852110422016,Sports
303813683589545984,Politics
297872762859565056,Politics
299098941541216257,Politics
299073815995097089,Sports
306710960771563520,Sports
297995881272193024,Politics
301989754755497984,Politics
301511660340932611,Sports
306117439341617156,Politics
295833449548378112,Sports
299483084531826690,Politics
286791509607579648,Sports
301883536049328129,Sports
306423611399491584,Politics
302484077821452289,Politics
2456987634,Sports
297142602271166464,Politics
234321907103707136,Sports
302101035600711680,Sports
296333299884900352,Sports
306356958217265153,Politics
286986867734351872,Politics
306725746108416000,Politics
299313568401195008,Politics
303721069766914048,Politics
306058575611039744,Politics
281870482414907392,Sports
306664185285201920,Sports
302023149401288704,Sports
261823550757953536,Politics
298448073473028096,Sports
293811366765146113,Sports
305650667513602049,Politics
5636022334,Politics
297936170929750016,Sports
306457917924728832,Sports
305648272595357697,Sports
298148554910859264,Politics
305960362514198528,Sports
234286030549823488,Sports
304272457441878016,Politics
288829994334048256,Sports
304571954457894912,Politics
303928757251616768,Politics
303123067805237248,Politics
302001639408140288,Sports
282526471518556160,Politics
306436360464642049,Politics
274454818729381888,Sports
298011008507723776,Sports
280116322610855936,Politics
301915247088922627,Politics
298011891807178753,Politics
293374964306939905,Politics
303959923161694208,Sports
302040283124731904,Politics
301530751097266178,Sports
306752829903736832,Sports
299440328371494912,Sports
305263675319668737,Sports
301540542276304896,Politics
304296861446053888,Politics
305585618359037953,Politics
292392801201704961,Sports
305973537376722945,Politics
306045130421465088,Politics
304886474137026561,Politics
306251656415281153,Sports
301361527208951811,Sports
304604900145381376,Politics
293047543821123584,Sports
234629199401467904,Sports
298012635096555520,Politics
306370962209783808,Politics
304961522457792512,Sports
306282505546387457,Sports
15270732860,Politics
305778172895576066,Politics
234765556304207872,Politics
302716865279557632,Politics
270636273423773696,Politics
306774330363240448,Politics
287932915051028480,Sports
268896041326215169,Sports
305703050134298625,Politics
296892270110707712,Politics
302439050768441344,Politics
303174629760040960,Sports
293049029997240320,Sports
294979234814898176,Sports
306691208787415040,Sports
301370109895790592,Politics
306498172375670785,Sports
287010726193819648,Politics
301055038384644096,Politics
299058687404810240,Politics
299496547811459072,Sports
297949487656226816,Politics
297999449152684032,Politics
302126547098292224,Politics
298454745897648130,Politics
306467629634289664,Politics
306082952574537728,Sports
303914373670371329,Politics
255342203445063680,Politics
269610696239611907,Sports
306460940008820736,Politics
302033240804438016,Politics
296202592579633152,Sports
271523434884898816,Sports
271640349515079680,Politics
305982173884858368,Politics
301526788226547713,Politics
297968596561309697,Sports
305956694750547969,Sports
289819087650037760,Sports
294242760179990528,Sports
306351368258596864,Politics
306038725262053376,Sports
303341495166058496,Sports
305687999298015232,Politics
298949209745412096,Sports
295946844553494531,Sports
299425713587642369,Sports
306428082322022400,Politics
301706051613503488,Sports
304715284512641024,Politics
302033496505974784,Politics
301702692101816320,Politics
302210092642734080,Politics
299927809575489538,Politics
304738948972957696,Politics
303722826165268480,Politics
293387621319733248,Politics
306405262682644481,Sports
296451500836786177,Politics
306334308149370880,Sports
282442116125319168,Sports
256782122705096704,Politics
299419127825702913,Sports
299419769550032896,Sports
305516555654008833,Sports
292879185595228160,Sports
304814740276924416,Politics
294223564620570625,Politics
284506514922803200,Politics
295943896964419584,Sports
285646454289207296,Politics
306766537484795906,Politics
266404356990050306,Politics
304236261219135491,Politics
268225059120898050,Sports
299473897886195713,Politics
301928401076383745,Politics
299168145183227904,Politics
294945337876029440,Sports
294372071838990336,Politics
304920918621310977,Sports
305743412802502656,Politics
306717123143688192,Politics
298009961286479872,Politics
304270043691245568,Politics
306771518044635136,Sports
15837711261,Politics
302578537133662208,Sports
305714524856659970,Politics
27780529717,Sports
304666148585209857,Sports
301114318131445760,Sports
305520185295638528,Sports
270248999527804928,Sports
306773965685264384,Politics
303721253523570688,Politics
306239311429369856,Sports
303255107754135552,Politics
303537333175713792,Sports
5797338893,Politics
305314247150292992,Politics
272192876358803457,Sports
295912321757360128,Sports
306238983011188737,Sports
298802067349315584,Sports
306630054501302272,Sports
302170437708832768,Sports
275515727950262272,Sports
299403702471643137,Politics
2704448072,Sports
298181693150466048,Politics
294567795168006144,Sports
305983944225062915,Sports
293046530036887552,Sports
306694205722476544,Sports
260755067576147968,Sports
306831913258213376,Politics
305135279562428416,Sports
298001953433210880,Sports
305295788798537728,Sports
302529307773898753,Sports
304663783685632000,Politics
305543245360926720,Politics
306326219702562816,Politics
294458498702532608,Politics
295840781523107840,Politics
305024766220316672,Politics
281419841850703872,Politics
305960255219716096,Politics
297966562458083328,Politics
6357664866,Politics
261892080329183232,Politics
293470680090021888,Politics
306653297660555264,Sports
305275145784786944,Politics
304500946988322816,Sports
305371125733523457,Politics
301733045982097408,Politics
306586695762063362,Politics
305978271990968321,Politics
305306655535546370,Politics
304702145356234752,Politics
306123649172262913,Politics
306117197208645633,Politics
306505063298383872,Politics
304982441540591617,Politics
304781598656704513,Sports
299525618016591872,Politics
301009151545446401,Sports
5585042151,Politics
269299599196422145,Politics
304690498256396288,Sports
3172778133,Sports
297955019846733824,Sports
306301952592080897,Politics
300924039101308928,Politics
305993764319674369,Sports
265885174603059200,Politics
16139229933,Sports
304702687180623873,Sports
269033875966160896,Politics
268224985275973632,Sports
303710105654939648,Sports
300468286745878529,Politics
269547454783946752,Sports
13193126585,Sports
277200976996360192,Politics
306031976526249985,Politics
302051129221607424,Politics
298011983251386368,Sports
306490579561357312,Politics
234606633026723840,Sports
297949810634391552,Politics
19649221977,Sports
303366583332511744,Politics
27772224860,Sports
304656866363973632,Politics
306262890611109890,Politics
291172221551001602,Sports
296709749175627777,Sports
2403051021,Sports
234384681569746945,Sports
306347981613961217,Politics
294509955837460480,Politics
268225395273379840,Sports
304411456542212097,Politics
24797265700847616,Politics
303110528006488065,Politics
304255109167210496,Sports
297944388020088832,Politics
299911202191077377,Politics
303745303184551936,Sports
16333481040,Sports
306343737066409985,Politics
306779214076604416,Politics
289884823160504320,Sports
306793130362040322,Sports
306468174990286849,Sports
304653054412734464,Sports
296669749360865281,Politics
305688449615290368,Politics
306776713872936960,Sports
302736852685844481,Sports
305689996273283075,Politics
303927215324819456,Politics
284588783507210241,Politics
306130160179101696,Sports
306673103436656642,Sports
299336984567095296,Politics
300232903202320384,Sports
27772088527,Sports
276348198296092672,Sports
297958492411686913,Politics
302471991712165888,Sports
293762226718916608,Sports
306336630866862081,Sports
269387602631733249,Sports
305585157241466882,Politics
297074410786025472,Politics
306464144037662721,Sports
298450229756305408,Politics
305574370162655234,Sports
306656367282880512,Sports
306018173520592896,Sports
269371026901716992,Politics
298441280168529921,Sports
300990618665107458,Politics
273122003052007424,Politics
297971927727890432,Politics
296752704351510528,Sports
284075848410214401,Politics
305579598379364352,Politics
302558799057805312,Politics
234321564269699073,Sports
306689709831254016,Sports
301361425337692161,Politics
262614519229083648,Sports
296428908084080641,Sports
15912999052,Politics
303478675544870912,Politics
291554765542920192,Sports
299450409280479234,Sports
304939257963896832,Sports
306677308914282497,Sports
304004538183086081,Politics
304273187988975616,Politics
278223610592768000,Sports
298058845819908096,Sports
234823084849377281,Politics
299207017707491329,Politics
306792058574741504,Sports
305697156432527360,Sports
306144592070324224,Politics
14878811062,Sports
305692126820306944,Sports
305286848920563712,Sports
292402320862482432,Politics
304933215842467841,Sports
234723148203954176,Sports
299194441464426497,Politics
283264622855860224,Politics
305720094447779841,Politics
279314565395800064,Politics
305153325643485184,Politics
303230409003655171,Politics
298440921698140160,Sports
297963057466974209,Politics
304699243598340097,Politics
297799113712476160,Sports
265945288454307842,Politics
305283028744282113,Politics
297950803329683456,Politics
302600494994579458,Politics
306056078628634624,Sports
297948325653655552,Politics
234822523878002688,Politics
2395657472,Politics
304699014383812609,Sports
295192991159685120,Sports
304390095073579009,Sports
306034375282286592,Sports
289533140509286401,Politics
299195917293195265,Sports
306714837453504512,Sports
301735469065056256,Politics
305784313545383936,Sports
304260371072561155,Sports
293562409942122496,Politics
297640305279250432,Sports
297935585845329920,Politics
304286509299793920,Politics
293563218272604162,Politics
299319044195119104,Politics
301526406607806464,Politics
234741059048050688,Politics
271639314847391744,Politics
288398185959927808,Sports
276603155133894656,Sports
304702762636156930,Sports
306368633775484928,Sports
266098046792781824,Politics
298000293994565633,Sports
306497904401592321,Sports
290948996774637570,Politics
306086585768742913,Politics
297273416870920192,Sports
306759920018137088,Sports
304774596253609985,Politics
301526102684360705,Politics
305680537480220672,Politics
15672791259,Politics
296035774741241857,Sports
297239837390553088,Politics
304263633700016128,Politics
302736015599206400,Politics
299450017624776705,Sports
305780948501401600,Sports
234777313777156097,Sports
304635548625145856,Sports
304101240239955968,Politics
305729757889327104,Politics
304219130964361216,Politics
298241911121141762,Politics
306508740201443329,Politics
270325102946684929,Politics
301720709581918208,Sports
305716617684340736,Politics
245059996574953474,Politics
304261488389025793,Politics
305841168292388866,Politics
305312815248465920,Sports
305906682972762112,Politics
289465700492386305,Politics
306426892083396608,Sports
304796454088736768,Politics
302717838211293184,Politics
306280797076353025,Sports
305980878155304960,Politics
306398200330326016,Sports
264119164447367168,Politics
47022091588997120,Sports
306373210058944514,Politics
296759517365018624,Politics
2376891646,Politics
306778683547467776,Sports
306533498120990721,Sports
306752923361230848,Sports
304582044661469185,Politics
302608025406042112,Politics
2453350909,Sports
301717707764690944,Sports
298441241077612545,Sports
28763969850,Sports
296332239711637505,Sports
302461829052002304,Politics
303538059960520704,Sports
296829307853078529,Politics
306498218169081856,Politics
292712708493701120,Politics
304664196325449728,Sports
300478477503713280,Sports
279311300792827905,Sports
300295722304151553,Sports
293807814512615425,Sports
298003558249414656,Politics
302485412570607616,Sports
305960267706142721,Sports
289539560982065152,Sports
258965269702123520,Politics
301514248792719361,Politics
306534195537256449,Politics
306749355015172096,Politics
306024724520108032,Sports
293520788793999361,Sports
261896983244046336,Sports
277179901818318848,Politics
7383818022,Politics
5636529152,Politics
271165705183952896,Sports
306818037158379520,Sports
293364940042022914,Politics
306461473285214208,Politics
304619858073624576,Sports
306825393342644225,Sports
306349559787966465,Politics
306050475592134656,Politics
304693601286361088,Sports
306830003088285696,Politics
298868972785377280,Sports
234651305925296129,Politics
300624032909373440,Sports
296757705278902273,Sports
305336829253648385,Sports
305695074803675137,Politics
306362340851474434,Politics
296661442181079040,Sports
297165985004285952,Politics
305650062606864384,Politics
296445331229507585,Politics
296690171628367873,Sports
297991062104977408,Politics
305878393327591424,Politics
303718322632003585,Politics
303956901589291009,Politics
294506257874837504,Sports
302157848887042048,Politics
305707030478458880,Sports
299014704821575680,Politics
306079871296237568,Sports
234245916368982017,Sports
297957541072236544,Politics
302544444689903616,Politics
306468087048310785,Politics
306283522929348608,Sports
303935346977157121,Politics
306763438535897088,Politics
271790117616775168,Politics
302365781260378112,Sports
299065960114032641,Politics
305337520139431936,Sports
305894336804052992,Politics
265985858971267072,Politics
301526356813025280,Politics
2612597240,Sports
295986741528129537,Politics
306713216069795840,Sports
301823549923008512,Politics
302463616064557057,Politics
27902483361,Politics
298547155847761920,Sports
304667252387635200,Sports
306457705856503809,Politics
277773793013952512,Sports
304955907631099905,Politics
301772806004281345,Sports
301634381112569857,Politics
306327882777628673,Politics
296418415546085377,Sports
267836822275624960,Sports
306381842624434177,Sports
306116443873890304,Politics
234347757513625602,Sports
271206674348507136,Politics
305681315838164995,Sports
306247788080009216,Politics
304629705217290241,Politics
305782406152073216,Politics
234752520034074625,Sports
305676743329599488,Politics
273300025638006785,Politics
302321630863056896,Politics
306131972177158146,Sports
277195644341452800,Sports
303503372307279873,Politics
304332900986388480,Politics
305705727731851264,Politics
303268658522775552,Politics
234745788608172033,Sports
2817576647,Sports
304681733670989824,Politics
302052626705559552,Sports
304716057325760513,Politics
301737740368752641,Sports
256781452639879168,Sports
306006289425760256,Politics
269603509303902208,Politics
299620662027382784,Sports
306046984610009088,Sports
304532966523166720,Politics
27780456012,Politics
304699402109456384,Sports
276223191041597440,Sports
245194394804813824,Politics
306667668923105280,Politics
304630330025996288,Politics
302280768351252480,Politics
304265450873835521,Politics
290982494474489856,Sports
278223313665404929,Politics
306402112512864258,Sports
304512131456458752,Politics
296745094617387008,Politics
234318766475972611,Politics
301477337726349312,Sports
277876159671312384,Sports
299437432137453569,Politics
288085983319171072,Sports
302744489578082306,Politics
294483339052736512,Politics
5706319759,Politics
304868919443857411,Politics
297605686848786432,Politics
306068162993065984,Politics
296258367188516865,Politics
304694422489145344,Politics
301526609536634880,Politics
306170495148126210,Sports
296922978858438656,Politics
290932559758630912,Politics
306718946936102913,Politics
306820060507430913,Sports
297964430128451584,Sports
297660609531629568,Politics
280812321947938816,Politics
274643483170594818,Politics
301366503062773760,Politics
306499815158718464,Politics
301279827669950464,Politics
301914202828836866,Politics
304272240625713153,Politics
296329823561854976,Sports
303904034287386624,Sports
298929657674338306,Politics
303513544937308160,Politics
305691354451808258,Sports
303720988682625024,Politics
304814992702705664,Sports
306371899364085761,Sports
5291661217,Politics
306085478837407744,Sports
297376038021906433,Sports
305348420879667200,Sports
302804604456951809,Politics
303917213860122624,Sports
2453178724,Politics
298302707721195521,Politics
305371833635569665,Sports
306470602141741057,Sports
297320358950862848,Politics
298451015907282945,Sports
306215832902569984,Politics
302180445452369920,Politics
306666098298867712,Politics
302517631141953536,Politics
305353511800016896,Politics
302001478015537152,Sports
268050980233420800,Politics
17358989923,Politics
304113696668528640,Sports
304513006388252672,Politics
297998474316750848,Politics
284707935387529216,Sports
306369386019688449,Politics
306058000668426240,Politics
19649778464,Sports
305662683896750080,Sports
305445672176476161,Sports
302353073924349952,Politics
302600129062514689,Politics
297992292499853312,Politics
293905917798408192,Sports
295974604659372034,Sports
269365478969978880,Politics
304715776391274497,Politics
13219952753,Sports
306303257196761088,Politics
306506773651656705,Politics
306706777792184321,Politics
301059363127304192,Politics
299669661363089408,Politics
262202233851097089,Sports
27780028160,Politics
300995219946627073,Politics
297606259450974208,Politics
303537791365705728,Sports
301041173865320448,Politics
306086362828910594,Sports
300924713503453184,Politics
306158854582980608,Sports
301527266008129536,Politics
298000938180935682,Politics
274243785897156608,Sports
234765809086496768,Sports
303860630232920064,Sports
303792020558852096,Politics
306357007693258753,Sports
305835767303909377,Politics
296006120928079872,Politics
15798501156,Politics
281752040143724545,Politics
299896065187012608,Sports
306739337435947009,Politics
298722817044803584,Politics
305978501620699136,Sports
304271431125041153,Politics
276441727252983808,Sports
301808411325108224,Sports
293770027843330048,Politics
260773506441179136,Sports
306287942949818368,Sports
306068072958136322,Politics
268225418098774016,Sports
304105306202468352,Politics
296163322087231489,Sports
299014510843412481,Politics
235107019244306432,Sports
234618688660185088,Politics
305334923580026881,Politics
306474341674139649,Politics
234820924627628033,Sports
306413630071635968,Politics
298580313725075458,Sports
303127017057026049,Politics
293440967795679234,Politics
306537980389122048,Politics
262948036865576960,Sports
306452793085009920,Politics
275330754286862336,Politics
299420209113071616,Sports
234774790848782336,Sports
297963411155853312,Sports
306827339453575168,Politics
305706251063537664,Politics
301727509865709569,Sports
291020499226607616,Politics
284324570578710528,Politics
279619889768046592,Politics
305069872063340544,Politics
293380056259100675,Politics
306823328398704642,Politics
303228474456416257,Sports
289815320217149440,Politics
305494260738846721,Sports
286272818558140417,Politics
15822815955,Sports
305769213660917760,Politics
305101215925153792,Politics
282024010810789888,Sports
297996113468854273,Politics
302461848232542208,Politics
306690154062565376,Sports
305676026900529152,Politics
293842210238119937,Sports
276972768531206144,Politics
306468031742226432,Sports
301655978368196608,Politics
302770438919032832,Politics
304253200779853825,Sports
304608497482469376,Politics
267040474072768512,Politics
304716433055698944,Politics
305956813726154752,Politics
306331197284438016,Politics
269626523756150784,Politics
292070943872937984,Sports
305824457111515136,Politics
306487599621623808,Politics
306802142742724609,Politics
291878582748332033,Sports
297972870796161024,Politics
305539800570662913,Politics
306409273632641025,Sports
306710150532702208,Sports
305681263669428226,Politics
284203246669668353,Sports
298720811467026432,Politics
301593516075778048,Politics
271523842118283264,Sports
305534630612856832,Politics
303514065538539520,Sports
14448427760,Politics
306328371338543105,Politics
297997564282826752,Politics
269176677073051649,Sports
269605857124302849,Sports
266450718477664257,Sports
294356601278713856,Politics
303814005179432960,Politics
306046391829020672,Politics
5729826313,Politics
301494933968269312,Sports
305989473144033280,Sports
304558312043737088,Politics
306621771858182145,Politics
301272315788939265,Politics
305288636088324097,Sports
304617333912125440,Sports
304592298048626688,Politics
304878131569905666,Politics
298440762096500737,Politics
305963030481604609,Politics
306050651706777600,Sports
293425351881785344,Politics
305708024645967872,Politics
266098245917364225,Sports
297946305639100417,Sports
299011927974236160,Politics
303956022991679488,Politics
5776710563,Politics
306789040072564736,Politics
306459471524274178,Politics
301720851764625408,Politics
300924477246689280,Politics
269328809759735808,Sports
301157289526702081,Sports
293378627905662976,Politics
306378921996349440,Politics
19817668013,Sports
304691059223560193,Politics
2341776479,Politics
305981187158056960,Sports
302045388146348032,Sports
300600741440131072,Sports
298441090590191617,Sports
305316253407514624,Politics
286086289869135872,Sports
305541813840785408,Sports
293960917530587137,Politics
301427477862039553,Politics
304537543435767808,Sports
306335770443120640,Sports
306501409757593600,Politics
306168447363067905,Sports
305625569469538304,Sports
234724881412001792,Sports
282023382793457664,Politics
306721635510136832,Sports
286757550886625280,Politics
2341727159,Politics
304514365908992000,Politics
299449872313090048,Sports
299368715647066112,Sports
306833722072788992,Politics
302119858982764545,Politics
304783214139031552,Politics
294542745421377536,Politics
279010345182441472,Sports
278286375781027842,Sports
299591845695062017,Politics
293734937809522689,Sports
303048911755571201,Politics
306804950506283008,Politics
287567098828427264,Sports
257959615193546752,Sports
297745493239418883,Politics
305984596187697153,Politics
306720762604183555,Sports
306328074348277760,Sports
234255822966890496,Sports
306829123194597376,Politics
291339643348189186,Politics
297942923822104578,Sports
305678318370426880,Politics
305971415960649729,Sports
306315797029064704,Sports
302103675571150848,Politics
304113441860354048,Politics
13220324725,Politics
305899686793990144,Sports
305585832675393536,Politics
304598845797564417,Politics
301530106441113601,Politics
301906164147449858,Politics
300535191888338945,Politics
302500440518557696,Politics
304259957514194945,Politics
278753405063815168,Politics
306112275318710273,Sports
306688651679645696,Politics
304509777344598016,Politics
300600535441108992,Sports
306825264514609152,Politics
298596404140584960,Politics
305553448567447553,Sports
255697574151983105,Sports
304803741859737601,Sports
306504468973907969,Politics
251331831411130368,Politics
299382556506349568,Sports
306477266429431808,Politics
273969831437533184,Sports
275767827154227200,Politics
301499515104546816,Sports
293373673748955136,Sports
306469497831825410,Politics
266032796873682946,Politics
242622979140382720,Politics
302427864626774016,Sports
305322327753777153,Politics
301902525248970752,Politics
304668002903789569,Sports
306368062620327936,Politics
298716779256086529,Politics
261148794412990464,Sports
296260208265662465,Politics
285805310961143809,Politics
305500834869952512,Politics
304668628358422528,Politics
298248713804058625,Sports
269629591612686336,Sports
280115180015341568,Sports
285576769208209409,Politics
294143027813957634,Sports
298228692746907648,Politics
298078255989268480,Politics
297934373930557440,Politics
306338192246861825,Politics
14334578730,Politics
305588420384792576,Sports
305352426372870144,Sports
297942377618882561,Sports
297602927969857537,Politics
302735996431237120,Politics
282031369180295168,Sports
299771782418800641,Politics
281750877310701568,Politics
306596916840513536,Politics
270229645616623616,Politics
297940280638832640,Sports
306800415629004800,Sports
305995722753458177,Sports
302035314816458752,Sports
304601126135791616,Politics
305878265233555456,Politics
298901495519260673,Sports
306058110441779201,Politics
269474992058691586,Sports
295975720100958208,Sports
299456232480194560,Politics
297722246292729856,Sports
267961203307970561,Politics
298011438558113792,Sports
299215777234554880,Politics
302551582212509697,Politics
305687142758248448,Sports
306144011339591680,Politics
298916549933277184,Politics
306459422048280576,Sports
305694084885004290,Sports
302033072247951360,Politics
287739452074389504,Politics
304303752322621440,Politics
305153508980703233,Politics
302029942697373696,Politics
304045235724509184,Politics
296571450918334464,Politics
296297413214343168,Politics
305923581181820928,Politics
306479197679935488,Politics
266005722930761729,Politics
304255009074323458,Politics
306393813444861952,Sports
306526751373283329,Sports
298011585589424128,Politics
304710461247598594,Politics
304711308731875328,Politics
2544774550,Politics
304517672811499520,Politics
296660947374837760,Politics
306024981438025729,Politics
298854848709931008,Politics
301737312981745664,Sports
299513791664754688,Politics
296764220765270016,Sports
306228913934327808,Sports
305879883266019328,Sports
306070448460931074,Sports
302526837777633281,Sports
301748672952143872,Politics
296456214286581760,Politics
262910384904749056,Sports
297017722569629696,Politics
301441203654754304,Politics
282024107195912192,Politics
302093551959945217,Sports
5717722013,Sports
299240366010413056,Sports
234770926699417600,Sports
297967730005512192,Politics
269656720555507713,Sports
293780670025699328,Sports
296576444618907650,Sports
304525875225976833,Politics
297297183298973696,Politics
305288304713142272,Sports
234785328311980032,Politics
298954204486180865,Politics
279312426086830080,Sports
292720251840376832,Sports
306129882008653825,Politics
306498065232183296,Politics
306781731271372801,Sports
306302076667961344,Sports
271064294853054464,Sports
301527288326021120,Politics
296383585718513666,Sports
298525182165934080,Politics
296359305387589632,Sports
297947967929847808,Politics
304690372825726976,Sports
300738810399047682,Politics
282563672423952384,Politics
5673817989,Sports
304275061924302849,Politics
273558740588961792,Sports
306295702391255040,Politics
303904114155339776,Sports
297998741015760896,Politics
300923925418872832,Sports
303124635959042049,Politics
305660639496515584,Politics
304641654948769792,Politics
306237291674861568,Sports
306044497601650689,Politics
297964022899302400,Politics
306046608766812160,Sports
306343040874864641,Politics
304303190713716737,Sports
234256459586732032,Sports
257867343940698112,Politics
306801164794601472,Sports
298012560958054403,Sports
5592245888,Politics
305752166549819394,Politics
300600331786661888,Politics
268206218701594625,Sports
304255967699275776,Sports
282022204802232320,Politics
305337793201180672,Sports
266179261591855104,Politics
306783964167827456,Politics
299075508560330753,Sports
305025076019990528,Sports
305345615729156097,Politics
306452723690250242,Politics
303313586854445056,Politics
2589821780,Politics
304266087564984320,Politics
299533669452877824,Politics
270064000136536064,Politics
305993981567827968,Politics
234823604695605249,Politics
304077586567421952,Sports
306668324484415488,Politics
296199528535687168,Sports
306733130948149248,Sports
306615343412047872,Sports
303465964551417856,Politics
306237288432664576,Politics
282023094384746496,Politics
306399336533749762,Politics
297945092868689920,Politics
298390635738697728,Sports
297373587390730241,Politics
299564898340450304,Politics
298052747981357057,Sports
298115257690374144,Sports
306441431667580929,Sports
268457535722369024,Sports
306769856173338624,Politics
295987433642786816,Sports
306592242259353601,Sports
304275137652457472,Politics
306499488002998272,Sports
304779563441979392,Politics
306678238728556545,Politics
270204196702273536,Sports
306502306193604608,Politics
306039754661695489,Politics
301326318342119424,Politics
296637512917598208,Politics
303860895296139264,Politics
306325865095127040,Politics
306426279077486592,Politics
304990490187677696,Politics
298010581561131010,Politics
296278345853833216,Sports
296300445670993922,Politics
304358984884838400,Sports
234767580588564480,Politics
305957211878875136,Sports
305341282656608256,Politics
298002784199004160,Politics
305328461600407552,Politics
305726167443443712,Politics
306049723935125504,Politics
306407775326588928,Politics
306294139803295746,Politics
304065948749541377,Sports
306488822647095296,Politics
298010423108718592,Politics
306218654167625729,Politics
273954486739931136,Sports
5826336961,Politics
234253632680378369,Politics
286924245924208644,Sports
306767770194935808,Politics
301099560762224640,Politics
294544436770267136,Sports
306782969211789312,Politics
296258938763091968,Sports
303903870000717824,Politics
297965675731894273,Politics
297666091856035840,Politics
305024117558616065,Sports
291739427846373377,Politics
278310707710279680,Politics
304705293781188608,Politics
297920806531506176,Politics
299725771470143489,Sports
304268805482352641,Politics
306315737767763968,Politics
299420183439757312,Sports
3325821316,Sports
306451167511187456,Politics
236509105517391872,Sports
305363015828656129,Sports
306256363837870080,Politics
297955353067401217,Politics
5465301133,Sports
306252446278242304,Sports
289091138558783488,Politics
299199618338656256,Politics
306619785779765248,Sports
306797838476640256,Politics
270683172243640320,Politics
306467680951619584,Sports
10455737469,Politics
269296906209984512,Politics
306334079996002305,Politics
303939573518573568,Sports
27115507686,Sports
304057474623881217,Sports
306776569001701376,Sports
300036449498189825,Sports
303510887120117762,Politics
3172794977,Sports
306515239808139266,Politics
306286602118893569,Politics
304533803970461696,Politics
302359804519800832,Sports
306437270158864384,Politics
304270812473618432,Politics
288448293187485696,Sports
305103039541420032,Politics
302453173371691008,Sports
243781193051545600,Sports
303350171033554944,Politics
286529992848969728,Politics
305573066082230273,Sports
305484771126018048,Sports
306101451808186368,Sports
302470313336242176,Politics
2344669277,Sports
294476612307648512,Politics
285649629268287489,Sports
306730904229920768,Politics
280527449710809088,Politics
305702147658489856,Sports
305035891297099776,Politics
304234351523151873,Politics
240110864085168129,Politics
2387867360,Sports
305679563596374018,Politics
292019857606717441,Politics
306477391172235264,Sports
268225446582288385,Sports
296080243972767745,Politics
304625077582974978,Sports
301735793456717824,Politics
305801775670239232,Politics
234389130602246144,Politics
306346491981742080,Sports
297954130859786240,Politics
303409950502305792,Politics
298010763174477824,Sports
305039080478081024,Politics
300862443008176128,Politics
306462140695474178,Politics
274304778123739136,Sports
303855491640078336,Sports
269657517984993281,Politics
306159080492380160,Politics
273957012004560896,Politics
305680943627264000,Politics
305682352925982720,Sports
301734256097492992,Politics
306584370116972545,Sports
293384888374145025,Sports
299918120158625792,Politics
291734551703736320,Politics
275850765120188416,Politics
306116388731375617,Sports
304761947067400193,Politics
302732967715946496,Politics
306354136956424194,Sports
234280133274529792,Politics
301526586367299584,Politics
305357693479170048,Sports
5838030728,Sports
269633719072067585,Politics
301001102629933057,Politics
299577239769591808,Politics
306013299257004034,Sports
2334568415,Politics
305800339389550592,Politics
300308472925392896,Politics
305311853196763136,Sports
306813094041108480,Sports
11364824283,Politics
306263024619094016,Sports
293829947028537344,Politics
268913791029370882,Politics
306671310229082112,Politics
296667926692503552,Politics
302725018473877504,Politics
305699639754108928,Politics
264339166719000576,Politics
234581252383051777,Sports
305877947871547392,Sports
234760262887018496,Sports
303853087699910656,Sports
285831441282109441,Politics
306268172032552960,Politics
306597232101167104,Politics
304253771595280384,Politics
27772641160,Sports
296793699881463808,Sports
305327570042384384,Sports
303921958087704576,Politics
289744117649514497,Politics
301732631454814208,Sports
301524640789041152,Politics
304305477372743680,Sports
306470036967673857,Sports
289742296843427841,Politics
234821778810232832,Sports
306514221863149569,Politics
287315184169656320,Politics
7383876851,Sports
306061890327568384,Sports
300043896069685248,Politics
305725487160889345,Politics
297356928340856832,Sports
299381980582252546,Politics
297997954315333632,Politics
298009640111857664,Politics
10037967998,Politics
255696894536331264,Sports
306051458766348290,Politics
257956995422887938,Sports
304499859740848128,Politics
301610990645153794,Politics
306353016758472705,Politics
15271369916,Sports
306346543378726913,Politics
296289669879054336,Sports
299286068400898048,Sports
5718002800,Sports
299700471919161345,Politics
306046360933765120,Politics
2360143274,Politics
304179643894861825,Politics
299364239112556545,Sports
306830047581466624,Sports
304690018964893696,Sports
305629371530616832,Politics
298440647952703489,Sports
295851740023123968,Politics
297994110525136899,Politics
276392750918803456,Politics
305321211007737856,Sports
305376121313181696,Sports
269646220723638272,Sports
306415722656059395,Politics
298721893530345472,Sports
305787186106732545,Sports
304276940418850816,Politics
306046494019047424,Sports
306745571924905985,Sports
293118268909187073,Politics
303500427780050946,Sports
16074130189,Politics
259315074500550656,Politics
306697158785105920,Sports
297006376738238464,Politics
306744352707842048,Sports
306526240301531136,Politics
300968337041666049,Politics
305682405044412416,Sports
234787367532257281,Politics
302126762161238016,Politics
306763600859648000,Sports
304623110009802754,Sports
300446797850091521,Politics
302273894943969280,Politics
296433012898426880,Sports
303855005184692224,Politics
297968038735646721,Sports
303904294518796288,Politics
306512881296486401,Sports
298013008288968704,Politics
286574963215958018,Sports
305981150105571328,Politics
304698315814084608,Sports
302098755765809153,Politics
302565377047658496,Politics
304625411978047488,Sports
301731675308716032,Sports
293459243800068096,Politics
305765419082461184,Sports
302124706562195456,Sports
299175660725882881,Sports
298494977971986432,Sports
302705362811895808,Politics
305699562989948928,Sports
301371804935655424,Politics
299531220860145664,Sports
296767258552844289,Politics
303235964736794625,Politics
306487414883495936,Politics
284291777186373632,Politics
305828211378499586,Sports
306668023819927552,Politics
299207272704385024,Politics
306770165977202688,Politics
299343026977898496,Politics
306805626883948544,Politics
304028530000412673,Sports
235119471981899776,Politics
305560982116237315,Sports
302138854981386240,Politics
11610377054,Politics
299579820180905984,Politics
305746576708624388,Politics
276354307597668352,Sports
297996597449596928,Sports
303853134764208128,Sports
303811429541240832,Politics
306439019242348544,Politics
304270478682509312,Politics
301458260853157889,Sports
306267471667662849,Politics
298115632292048896,Sports
305699043865153537,Politics
304684095366107136,Sports
302096569530978304,Politics
299258859925684224,Politics
297951141520613376,Politics
293379098359783425,Sports
13219843403,Sports
306044273659371520,Politics
300782564082339840,Politics
26332844521,Sports
305477192840798208,Politics
297355118788108288,Politics
276876663197929472,Politics
306043088764289025,Sports
305663908109234177,Politics
289811885359001600,Sports
292308569989193728,Politics
306097353163673601,Sports
300457155117584385,Politics
259025972161028097,Sports
305688574857187329,Politics
294598838013014017,Politics
295253604347039744,Politics
291596552126996480,Sports
297947022244315136,Politics
297883014271221760,Politics
303710068229152768,Sports
306791822649327617,Sports
298002327464452096,Politics
306485649664512001,Politics
274088493955809281,Sports
306336586994429952,Politics
294855439433224192,Sports
306374594674188288,Sports
299179090693476354,Sports
306230758559850499,Sports
298441479305699328,Sports
281775741799120896,Sports
301856195088621568,Sports
297961896689156097,Politics
299419741125214208,Sports
284777554475356161,Politics
306132385223811072,Politics
264136179564302336,Sports
305328887007703041,Sports
297961630812229632,Politics
299026669967122432,Sports
306456094300073984,Sports
239005442272030721,Politics
27115650176,Sports
301737231402557440,Politics
301294109140844547,Sports
2605604139,Politics
2423227459,Politics
301255331332386818,Sports
303193271201562624,Sports
306769943976882176,Politics
263972911491215360,Politics
5826063662,Politics
299450254523265024,Sports
300956320469770240,Politics
282022723092348929,Politics
265982107791282176,Politics
306729105397788672,Sports
303129085805211648,Politics
305715518764113920,Politics
305754110156742656,Politics
303877989899309056,Sports
304043572787830784,Sports
279762798660177920,Sports
301266676933079040,Politics
305696949976330240,Politics
297972594693529600,Politics
297668729154727937,Sports
306417026715508739,Sports
304265944899928065,Politics
5591365189,Politics
302989250805243906,Politics
304683931314298881,Sports
300981885507616768,Politics
298908982809083905,Sports
292636898470535169,Sports
276064036968333312,Sports
296799391845597184,Sports
305381172408643585,Politics
300981842876715008,Sports
301701283587428352,Politics
306659235259895808,Politics
306373062130024450,Sports
299203902941835265,Politics
304686277477933056,Politics
304788953024827392,Politics
276848419388153856,Politics
297114973358940161,Politics
269799311032868864,Politics
293447807333978112,Sports
302526593572667392,Sports
297666063867469824,Sports
306146564596973568,Politics
270075788534112256,Sports
306459332285980674,Sports
27774717768,Politics
298075757278797824,Politics
304290434941845504,Politics
306018699553419264,Sports
240903588015124480,Sports
297066542158446592,Sports
300471567891177472,Politics
304693962025865219,Sports
291654029090619392,Sports
305325999984345088,Sports
304272128415518720,Politics
306782862261235713,Politics
277932578491731968,Politics
304688020207071232,Sports
306449971056615424,Sports
14448262437,Politics
304712196108189696,Politics
306531355225890817,Politics
306744530655383552,Politics
306273427034087426,Sports
306403916319444993,Sports
303721109747032064,Sports
303820424855306240,Politics
306138499214618624,Sports
306478575945646080,Politics
297998949686599680,Politics
305978122610806784,Politics
306128683444359168,Politics
301777779970695169,Sports
299802833648230402,Sports
298720640196833280,Politics
305311530826743808,Politics
306431379057569793,Politics
306074010331013121,Politics
301526372793323520,Politics
298935420010524672,Politics
299449936255262721,Sports
302189889464700929,Politics
5652454566,Politics
5605816389,Politics
302486734908829696,Sports
301623859642249216,Politics
306770636913651712,Sports
295938197844795392,Sports
301933870989864961,Sports
305691548249624576,Politics
300309622533783552,Politics
306017345078444033,Sports
299544644780453888,Sports
304855027145658368,Politics
257867610329329664,Sports
298240037621997568,Politics
306455477389250560,Politics
234286233717723136,Politics
297432639332290560,Politics
288795590559662080,Sports
274178467455717376,Sports
302041218420994048,Politics
303853942926897152,Politics
279292572294324224,Politics
266668625358901248,Sports
15672880410,Sports
301000059368120320,Politics
300924272245878786,Politics
306624807888367616,Politics
304067908756185088,Politics
305598766881337344,Sports
306416681339723777,Sports
306325632520974338,Politics
296908747245223936,Politics
301458731026223105,Sports
305986015447887872,Sports
2816569486,Sports
2320824247,Politics
270351228406472705,Politics
234388556230053889,Sports
293563058897424386,Politics
302483289548128256,Politics
302229148997394434,Sports
5674412035,Sports
299192440907247616,Sports
306566493691334656,Politics
301247824866209793,Sports
306207366121144320,Politics
304878689269731328,Sports
305574025483128835,Politics
295271215256444928,Sports
306320199215357952,Sports
298941684325171200,Politics
304682324652589056,Politics
300924172350128129,Sports
299463550534033409,Politics
305966981784408064,Politics
306238033613713408,Sports
257875991798640640,Politics
297356811705667584,Sports
263972080041750529,Politics
241290364470841344,Sports
305497162467405824,Politics
301526730198355968,Politics
305587895656402944,Sports
234310699604643840,Politics
5368882168,Sports
305607581488001024,Sports
296917124293726208,Politics
306074086814126080,Sports
269627384481865728,Sports
279058259330097153,Sports
306351732923961344,Politics
305935097905958912,Politics
293391720236847106,Sports
290935134868365313,Politics
293790180832333824,Politics
282267856077484032,Politics
280579688529797122,Politics
300924896500912128,Sports
234288391506755584,Sports
304875839936421888,Politics
304710756228820992,Politics
306334310762430466,Sports
267519900321460224,Politics
297944031655247873,Sports
295840282241548288,Sports
305689307472089088,Sports
305368890303709184,Politics
302099814080991234,Sports
300923978254524417,Sports
299258847837700096,Politics
301676735425048576,Politics
306080466870607872,Sports
286529862062182400,Sports
305898934855954433,Sports
306722378736615424,Sports
291726818371846144,Politics
305675142024024065,Politics
297948913372110848,Politics
299071276708929536,Sports
299420027780734976,Politics
248778514130690048,Politics
27114916785,Politics
305663843118481408,Politics
27779863149,Politics
302224481932423168,Politics
291293915636707329,Politics
5673724359,Politics
297719629944590336,Sports
304275837593718784,Politics
301731872017354752,Politics
306046747514396672,Politics
302239957446168577,Sports
257957376211173376,Sports
295253972330094592,Politics
297952047624499200,Politics
2547502740,Sports
305267123431829504,Politics
304702450168918016,Sports
298011112111218688,Politics
304985889304629248,Politics
269997417515069441,Politics
234658949981405184,Politics
234281737625149443,Sports
306723431242674177,Politics
306223617866354688,Sports
298006571252854785,Politics
305932392823128064,Politics
268566843340513280,Sports
306769955196641280,Politics
298239684436443137,Politics
304687813583044608,Politics
302118687396200448,Politics
305120104625102848,Politics
297976590749540352,Politics
296260415074217986,Sports
305802309802278913,Politics
301730462076907520,Politics
306102580268900352,Politics
305682191269117953,Politics
298012847580000257,Politics
297685481657868288,Politics
234762655775195137,Sports
306353057577455617,Politics
303511170554400768,Politics
297243743638151169,Politics
297933503977369600,Politics
299449371525795841,Politics
278713310877200385,Sports
305998893534031872,Sports
304563929076621312,Politics
306187394426736642,Sports
305679525478555648,Sports
305910465475772416,Politics
301755339559301120,Politics
287304368380854272,Sports
302419185164763136,Politics
305366078337454080,Politics
297953264866037760,Sports
303873114461310976,Politics
270764914925260801,Politics
273565808112848896,Sports
234309170189443072,Politics
304516805903392769,Politics
304683266747793408,Politics
304798925473325056,Politics
305727251977220096,Sports
303844977627258880,Sports
295840101311868928,Sports
13220366645,Sports
299446693894696960,Politics
297357024260411392,Politics
304738225073815552,Sports
306044433432985600,Politics
305702285986627584,Sports
305499526943367170,Politics
292872952163233793,Politics
293051563348471811,Politics
306052712385105922,Sports
271192200648474626,Politics
296269067667517441,Politics
295978186750177280,Politics
306084822600777730,Politics
299460268545695745,Sports
295193019966160897,Sports
306431168302153729,Politics
270276249128140800,Politics
269380278013816832,Politics
306133355072724992,Sports
299089973343293440,Politics
306033251196227585,Sports
302466132022018048,Sports
13220027591,Politics
305716185528430592,Politics
297957931591270400,Politics
302701143434346496,Sports
234736603531198464,Politics
306423313691971584,Politics
302796539833749505,Sports
306752108835794944,Sports
303720639842353152,Sports
304517922192257024,Politics
294585097036918785,Politics
306234857237905408,Sports
296181119496380416,Sports
5682801123,Politics
305281245523357696,Politics
306256927892049920,Sports
299044663279644673,Sports
306405246391959553,Sports
305859184086372352,Politics
13220226916,Sports
306741684941778944,Sports
302462751886942208,Politics
298013430886064128,Sports
305696067939352576,Sports
276431041395294208,Sports
301526661885726720,Politics
306383303995453440,Sports
297945794248585216,Sports
298012342610968576,Sports
306372302998740992,Politics
297947495722545152,Politics
306223481190764544,Sports
301891292038828032,Politics
306342474262142976,Politics
305583405523935232,Sports
306674767375765504,Sports
285642525006508034,Sports
303134580234403840,Politics
302735705040363520,Politics
234590699226558465,Politics
302362330929455104,Politics
296447764932489216,Politics
297971233742520320,Politics
304776341973245952,Politics
306459510820700160,Politics
306498885302501376,Politics
306390067918802944,Politics
305303589193129984,Politics
305870259603243008,Politics
284086525145260033,Politics
2393708223,Sports
299437500257148928,Politics
302452261806821377,Sports
302111563140177920,Sports
303127480611524609,Politics
305733784626688000,Politics
302432297548922880,Politics
234751841387294722,Sports
302736877532897280,Sports
290714533683662848,Sports
299419803729399808,Politics
299171321345085440,Politics
290618921713815552,Politics
306101276276584448,Sports
298441174539190272,Sports
302500143020797952,Politics
270379702038966272,Politics
284380659932344321,Sports
305636956266696704,Sports
302316267010928640,Sports
274224863735078912,Politics
306498107741437952,Politics
281425524407037952,Sports
301643737837219840,Politics
295975953644023808,Politics
234784593528643584,Sports
293465560677748736,Politics
305995571716567040,Sports
298106025792397313,Politics
304272158035673088,Politics
270251104032419840,Politics
305699819127705600,Politics
302501818984960000,Sports
301638815855046657,Sports
304238823762718721,Politics
297251302759604224,Politics
297950195637944320,Sports
301718858019008514,Sports
242618929846038528,Politics
296758940916645888,Politics
296418848620572672,Sports
306481314645815296,Politics
306158491402375168,Sports
263997000373121028,Politics
297956427266400256,Politics
234323042849918977,Sports
296707305674776576,Politics
304596740533796864,Politics
278732480255754240,Politics
246611866829332481,Politics
304831112151199744,Politics
302185689301274625,Politics
272889956953894912,Politics
303195186782154752,Sports
299033726854250496,Politics
306160867014221824,Sports
305694153751293952,Sports
306707536864755713,Politics
271192669957541888,Politics
305882072185200640,Politics
234782752262737920,Sports
306006666774724608,Politics
295979429853814784,Sports
8044797677,Politics
305589966455574528,Sports
299571004206886913,Sports
234383532145913856,Politics
304875185809534976,Sports
264046658466230272,Sports
304607444993208320,Politics
265644505355669504,Politics
294978232611127296,Politics
297992913978281984,Politics
279290660358598657,Politics
269147466006421504,Politics
304020542166560768,Politics
262202233771413504,Sports
304619917406253056,Sports
301269531328913409,Sports
306341083103784961,Politics
14055036749,Sports
305651852379299842,Politics
296913423957118976,Sports
269298258935939072,Politics
305692705583947776,Sports
305699246756200448,Politics
305689594165334016,Politics
289785794502221825,Politics
301258149820772352,Politics
285953436699213824,Politics
306328404364513280,Sports
304100885003374593,Politics
306269898961723393,Politics
301526913921466368,Politics
296661411738828800,Sports
301913570898214912,Politics
306409444756041729,Politics
296698755082756096,Politics
285792266839281664,Sports
300518656880812032,Politics
2453238341,Politics
305301443886346242,Politics
273463966355836929,Sports
306057492868247553,Politics
293817521222594560,Politics
296198114828746752,Politics
248048765934653440,Politics
306543089139458048,Politics
305211638049546240,Sports
304275922561929217,Politics
298628026151870465,Politics
305663767189024768,Politics
297925860969836544,Politics
3325918786,Politics
297996718807584768,Sports
281394474154852352,Sports
304316228216975364,Politics
301524982805180416,Politics
299350941260468224,Sports
305317705769156609,Sports
234727216804687872,Politics
298013349831131136,Politics
303728065320742912,Politics
279667138602610688,Sports
306478781772726272,Politics
306495824496586752,Politics
305442753024761856,Politics
302170074498887680,Sports
297921251060641792,Politics
297952542451707904,Sports
277129563929210880,Sports
234725025268264961,Sports
298917790054744065,Sports
301760547907567617,Sports
305656611307937795,Politics
296439672694009856,Politics
298276447766863874,Sports
13192948019,Sports
304577350807461888,Politics
269653324322721792,Sports
295977166661906433,Politics
299530897823244288,Politics
306587831013343232,Politics
306156391796727809,Politics
302950853936033792,Politics
305559660423954433,Sports
304761884387708928,Politics
301269594558062592,Sports
297507795572498434,Politics
297416475298369537,Politics
306741048380649473,Politics
268224966879752192,Sports
301750044284043264,Sports
306371222575386625,Sports
299433229881057281,Politics
297966023661985793,Politics
305965472258617344,Politics
306370252047003648,Sports
303512998025256960,Sports
298879618050560001,Politics
305793484244283392,Politics
261150573003411457,Sports
305927970856521729,Sports
297298802656817152,Politics
297239336305426433,Sports
299220281069813761,Politics
264077956949876736,Sports
297356955079557120,Sports
9330274817,Politics
303721362290253824,Politics
302212709833916418,Politics
306516720582017026,Politics
263341768215494656,Sports
305090238861168641,Politics
276146519604854784,Politics
298011240033296384,Sports
306176752596701185,Politics
302774879919415296,Politics
304933302542938114,Sports
305678298699141120,Sports
306110768938622976,Politics
306495145648472064,Politics
299924432418390016,Politics
297952891845623809,Politics
301675141862141954,Sports
304695243352190976,Politics
305303469114421248,Politics
266414158587785216,Politics
278295646727991296,Sports
278902067270148096,Sports
245874429094162432,Politics
295938086720921600,Politics
306479482183770112,Politics
294542872361967616,Politics
298893863274307584,Sports
305733968127471617,Politics
305697108600700928,Politics
296254241876619265,Sports
306706384437776384,Sports
306362821518716928,Politics
275772371858763776,Sports
303996145871486976,Sports
303745227129245696,Politics
302410709483016192,Politics
276511307660918784,Sports
302208257454395393,Politics
302737816545284096,Politics
303892799231758337,Politics
305982041076408320,Sports
301754474962235392,Sports
306084984287019011,Politics
302747133109473280,Sports
293543473263566848,Sports
304958922345811968,Sports
234286364928118784,Politics
305971548265779200,Sports
306053110323884033,Sports
298115609739276289,Politics
268875858515750912,Politics
297956715222155265,Politics
306821358006960130,Sports
300950403028226048,Politics
306765990623055872,Politics
305392151762702336,Politics
306257886940643328,Politics
26319885991,Sports
281529871157559297,Sports
306506318255099904,Politics
304817603782791168,Sports
301177854853529602,Politics
304266601375608832,Politics
2817573427,Sports
305665704001146880,Politics
304260257717301249,Sports
234771618646343680,Politics
298928540513091585,Politics
286580776340959234,Sports
304267285491757057,Politics
304645250301952000,Politics
297320584931598336,Politics
305806279409037312,Sports
305322100506365952,Politics
297945962574393344,Politics
306619072337047552,Sports
306345051972313088,Sports
298010884628967424,Sports
296338280570572801,Sports
305618601526824960,Politics
234788732555902976,Sports
234649486142631936,Sports
234664237203587072,Sports
301733442691952640,Politics
290850249717714946,Sports
302149302506102784,Politics
273636538255015938,Politics
298245073756381185,Sports
265984230549495809,Politics
304527889515302912,Sports
299060237535678464,Sports
297996278133047296,Sports
301536922344497153,Politics
293834949600100352,Politics
306608324860858368,Sports
306497764366364672,Politics
305994589964234753,Politics
306801664608841728,Sports
16152523061,Politics
294867698943414272,Politics
300545576221675520,Politics
306536193095507968,Politics
2469561395,Politics
301264241606934528,Politics
297975257703264256,Sports
306477321228005377,Sports
270430919544950784,Sports
304274750333648897,Politics
299177322043555840,Politics
293402888271720449,Politics
293479585914433536,Sports
298441007643639809,Sports
301753921116962818,Sports
306081987452604417,Politics
306084269137199105,Politics
306701311691341824,Sports
268225359592443907,Sports
306673929815216128,Sports
276144750107701248,Sports
306390057764397056,Politics
10830979974,Politics
306508501562302464,Politics
301027338647371777,Politics
304097144011366401,Sports
306057869361561600,Sports
304271553519042561,Politics
275987620994093058,Politics
306705251560480768,Sports
269805848602226688,Politics
301731142296535040,Politics
303852940446298113,Sports
303884815558656000,Sports
304700565370306560,Politics
306346610068160512,Politics
303919127922368512,Sports
300546165550759936,Politics
306694659915268098,Politics
303230694711242753,Politics
299069115522506753,Politics
297357422413107200,Politics
270254980160708608,Sports
305266442000035840,Politics
305717667552174081,Sports
298974099861041152,Politics
266844792477077504,Sports
306497511504347136,Politics
303720042057588737,Politics
305554329966899200,Politics
301313058448502784,Politics
288337571652698112,Politics
304101224339341312,Sports
302310865942749185,Politics
306352772767444993,Politics
276410212196425729,Politics
303537248324972545,Politics
305677721562927104,Politics
306641578536103937,Politics
234291529013919745,Sports
306458452602019840,Sports
305739873065791488,Sports
297963855018070016,Politics
304097556118519809,Politics
305367382141042688,Politics
306680337466023936,Politics
303706525594177537,Sports
303992427906215936,Politics
305611431062167552,Sports
306071311405420544,Sports
2328535470,Politics
306133604252151808,Politics
306009692625317889,Politics
302725202238914561,Sports
300454961060388864,Sports
299206795904290817,Politics
299205036586713091,Politics
6187403717,Politics
305681361933578240,Sports
306067834109321217,Sports
306343982265409536,Politics
270419534169640960,Sports
303538206589214720,Politics
297959639897763840,Sports
296434669451370497,Politics
306481017550667777,Politics
13632122683,Politics
301998719811862528,Sports
279293277138726912,Politics
295840965543997440,Sports
293485710667808769,Sports
278663980581548032,Politics
304952983291047936,Politics
295975998598553600,Sports
299040606632677377,Politics
28841368718,Sports
296734780790292481,Sports
294921583292735489,Politics
306704028732104704,Sports
271189122255835136,Sports
305560896531492864,Politics
306047137475600386,Politics
306817265410650112,Politics
305697854918373376,Politics
301100939434131456,Sports
305073848494211074,Politics
265497166162825216,Politics
234387216477073410,Sports
305955854023286784,Sports
302075670777954307,Sports
301890540939644929,Politics
302828579446747137,Politics
305651344033845248,Sports
295913097443540993,Sports
265545718457065472,Sports
301435874661507073,Politics
306365626543390721,Politics
299480190785044480,Sports
281531611063918592,Politics
306823776522346496,Politics
276345629649809408,Sports
306802173134651393,Sports
302126684314951681,Sports
305980436444749825,Politics
304836687580770304,Politics
306501527118426112,Politics
301905305493721088,Politics
305072663334899712,Politics
303875434402152449,Politics
297665795473936384,Politics
2403498987,Sports
5830502202,Sports
285548591496437761,Politics
19720344673,Sports
305609855870304258,Sports
306234017949306880,Politics
300924532821221376,Sports
302452026615427072,Politics
306290767557709824,Politics
305068495173992449,Politics
302633044815265792,Sports
306689851057659904,Sports
293408747353690112,Politics
19649769310,Sports
305697296752975872,Politics
5680098814,Politics
276791056924803072,Sports
305353105606860801,Sports
298003000025292800,Sports
302047471876591616,Politics
298471721248366592,Sports
304694279014596609,Politics
306003917676871680,Sports
305921861118746624,Politics
296799248509435904,Sports
303193976570249217,Politics
287509538914070529,Sports
306437272125992961,Sports
296201934803701760,Politics
294839221993234432,Politics
296988848012013568,Sports
301729785820897281,Sports
301278460087779328,Politics
266317760584376320,Politics
301713230227701760,Sports
305614089319763968,Sports
298006552835678209,Politics
306499049345912833,Politics
297317496199999488,Politics
19411576892,Sports
298441376834658305,Sports
27780169910,Sports
297661112147652608,Sports
299419849933877248,Politics
297959560088522752,Politics
297947667068248064,Politics
304530012491624448,Sports
304236071808548864,Politics
303721322821849088,Sports
2403537233,Politics
304272626275205121,Politics
234390198283300864,Sports
306409300060938240,Sports
304627854954622977,Politics
300528169671340032,Sports
281237057131651072,Politics
269589884182884353,Politics
275397006195838976,Politics
284202892947234816,Sports
304270740017000448,Politics
306806461978271744,Politics
17359051240,Sports
306089280147705856,Politics
299306291074048000,Politics
265999249538445313,Sports
305468261934444544,Sports
306524849772302337,Sports
298012441202270208,Politics
305984169203347456,Sports
299727868756389888,Politics
299003500984152064,Sports
306094745845919744,Sports
301902872801574913,Politics
293417937207959552,Sports
268225180390813696,Sports
304254990476783617,Politics
303447298418044929,Sports
306256534109831169,Politics
296745094818713600,Politics
234376613758898176,Sports
305681777958195200,Politics
299173559329251328,Politics
5558263523,Politics
301405467551346688,Sports
305648387385077761,Politics
295615974411997184,Politics
296757785704681472,Sports
304708990217105408,Politics
297943768747892737,Politics
306530187590385665,Politics
306706294176354304,Sports
306158527808933889,Politics
296199831683211264,Politics
306367968768569344,Politics
2597266460,Sports
240887434089467906,Sports
306425488052727808,Sports
305848601689604096,Politics
306462051398737920,Politics
304713389110865920,Politics
305369193413476353,Sports
299148219626160129,Sports
302461979321307136,Politics
269326947761414144,Sports
299042324040777728,Sports
295906979828883456,Politics
303243073176100866,Politics
268509980771090432,Politics
298716666018267136,Politics
284198993490227200,Sports
305398438323957760,Politics
295979252392808448,Politics
301395404640104450,Politics
296669249378848769,Politics
306388882113564673,Politics
292700228182740992,Sports
306237880924254209,Politics
304979789318594560,Sports
303231263844757504,Politics
305684045780631553,Politics
301642848896425985,Sports
234292180238352384,Sports
297892715713163266,Politics
298010645402640387,Sports
306531632259678208,Politics
298441429783564288,Sports
306497885837615105,Politics
279744905398595584,Sports
293490679034834944,Politics
298596875139969024,Politics
273313720879427585,Sports
302729576948318208,Politics
302001765161791490,Sports
288747673635401728,Politics
27567779990,Sports
304706988145770497,Politics
301382381217140736,Sports
304254203902173184,Politics
304673344991657984,Sports
297948720878735360,Politics
304914971031121922,Sports
302461862346358785,Politics
302150376218570753,Sports
303920519303024641,Politics
304029340474146816,Politics
305153236413857792,Politics
306029089431617537,Sports
276961325618442240,Sports
276444937510330368,Sports
304996527867322368,Sports
282023314535350272,Politics
306462908160811008,Sports
303568989848735744,Politics
305981736070832128,Politics
305308790956376064,Sports
269589446234624001,Politics
268237975459082240,Sports
298012104127037442,Sports
302774633260802048,Sports
304266981828349954,Politics
299068833115803648,Politics
304273531309543424,Politics
301298458583769088,Politics
263973033973276672,Politics
306090574002405378,Politics
298954479942897664,Sports
305189883109056512,Politics
291279911585472513,Sports
306053091973799938,Politics
305555998461001728,Politics
302761679928848384,Sports
306329818931273728,Sports
306149549595062272,Sports
299181174885081090,Politics
306536730557820928,Politics
306242738985242624,Sports
299540517996355584,Sports
305692883414024192,Politics
275738722757120003,Sports
302061837963374592,Politics
305592987910537216,Sports
2402829597,Sports
303845118350331906,Sports
298440839426867201,Sports
4966172897,Politics
304272847763824641,Politics
302057873205239808,Politics
270764777243041792,Politics
296206141518671874,Sports
305649616207110144,Politics
294140076433215488,Sports
279695470052384768,Sports
297997161281490944,Sports
304613401638866945,Politics
268225121016221696,Politics
297965261213028352,Politics
304269393070784513,Politics
301933483318734848,Politics
304875962259087361,Sports
302363614575198208,Politics
301526553605595136,Politics
286147416544137217,Sports
275870083920842754,Politics
302418300963524608,Sports
301446851876507648,Politics
306634317881294849,Politics
304722119479152640,Sports
305199671054331904,Sports
306422478769623040,Sports
301526811949535232,Politics
306482505907830785,Politics
297955792622084096,Sports
299128236342902785,Politics
257866645899448320,Sports
299289191743885312,Sports
243022757674233856,Sports
301734124912267264,Sports
298366181180571648,Politics
302201433036578816,Sports
303241735591559170,Politics
296759289060655104,Politics
298271038083579905,Politics
300994567644258304,Sports
5673614493,Politics
304827783870291969,Sports
306356644055494656,Sports
27773891754,Sports
304289262197669888,Politics
295517542439596032,Sports
297949630421938177,Politics
298443524548984832,Sports
306470992845348866,Politics
276580204292493312,Sports
303126351223873537,Sports
303465157735088129,Politics
280731004556156929,Sports
296764354571952129,Sports
306420989267419136,Sports
278048973049192448,Sports
305500267779084288,Politics
305698222909825024,Politics
297356861768863745,Politics
286634347547746304,Politics
296776070185754624,Politics
306830025984983040,Politics
5614810954,Politics
305321909413883904,Politics
293441535847059456,Sports
298055694798692353,Sports
278804256478351360,Sports
305767353432559616,Sports
234765154582159360,Sports
303124483496083456,Politics
306043628667695104,Sports
13632251631,Politics
301566009591083008,Politics
306456668080848898,Sports
8998365660,Politics
298448266272575488,Sports
301525435521589249,Politics
306500167341842432,Politics
305257884785188864,Politics
306349388844904448,Politics
297962245219053568,Politics
306229701884653568,Politics
304667189800222720,Politics
273623047376867328,Politics
276037651130359808,Politics
301890903092633601,Politics
305887595777384448,Politics
294149628532752384,Politics
301034166261252096,Sports
305717723785199617,Sports
303032822569000960,Politics
271170523894005762,Politics
298722041316642816,Sports
294217468715626496,Politics
306011546197299200,Sports
302100912514678784,Politics
304245523429339136,Politics
296197569552465920,Politics
302484956964352001,Politics
303312834706698240,Politics
294514402084929536,Sports
304704989803200512,Politics
4082703186,Politics
306822668273999873,Politics
300924118486896640,Sports
298011746168356864,Politics
293518194113646592,Politics
305703209236852737,Politics
299628736045780992,Politics
304166755775946753,Politics
304862684111859712,Sports
300791989371277316,Politics
306280975887917056,Sports
306691065988136960,Politics
281878077750001665,Politics
234744649884000256,Politics
234600956858363904,Politics
279317479115857921,Politics
306486738371620864,Sports
304010920449933312,Politics
306225909520801792,Sports
241296350422134785,Politics
303242283136995328,Sports
304786132158255108,Politics
298000829124841472,Sports
306248537044307968,Sports
302274462043209729,Politics
300981823826194433,Sports
305687804669743104,Politics
305275287556456448,Politics
302106561067757568,Politics
272257836917075968,Politics
301730753602011136,Politics
282519122162622466,Sports
301527201826881537,Politics
291740716374302720,Politics
2546127783,Politics
302102612931665921,Politics
5682206457,Politics
299485415814070273,Politics
306349099442126848,Sports
306723980893630464,Politics
306339259013550080,Politics
302356015905652736,Sports
299924875198476289,Sports
292718684550610944,Politics
304534535134121985,Politics
304546826147749888,Sports
305737587581153280,Politics
303094795281252352,Politics
298136480059101185,Sports
271164843371950080,Politics
296160042330251264,Politics
301508884135292928,Sports
305661682225651715,Sports
306819093200261120,Sports
298057324134793216,Sports
304282186700451840,Politics
301527335012798465,Politics
299090993192525824,Politics
295969244993187842,Sports
305698824444329984,Politics
306432880647745536,Politics
301941206810755072,Sports
295976023319793665,Politics
262991274339086336,Politics
2402801924,Politics
302057396040265728,Politics
297667680209625088,Sports
291194592710242305,Politics
281428441784537088,Sports
294818275358027776,Sports
306484280798879744,Sports
305688304488181760,Politics
302457589898309632,Politics
302443561272627200,Sports
302096338781351937,Sports
301526644831698945,Politics
306448967103832066,Politics
305516634397884416,Sports
306100635919605760,Sports
305568272043089920,Sports
306691508659179520,Politics
306398334501916673,Sports
27776318882,Politics
297315410439729152,Politics
293853406374805505,Politics
304244612183244801,Sports
306347731784458241,Politics
234247451635224576,Politics
297943456406454272,Politics
293440340352974848,Politics
306651614968680448,Politics
298829182396424193,Sports
306357148055654400,Sports
275232857025294337,Sports
306376346953719809,Sports
303544721756786688,Politics
301732675771826176,Politics
302214668611616769,Politics
306362841848479745,Politics
302462309626949632,Politics
297958347230019584,Sports
306470946724802560,Politics
306818358391750656,Politics
306034989038964737,Sports
272557329889783808,Sports
305580137733304320,Sports
304732951508291584,Sports
293563137209282561,Politics
301898328059297792,Politics
234782712408449024,Politics
303118038071402498,Politics
306341486436425728,Politics
13220139800,Politics
304690251635515392,Politics
304615651824242688,Politics
303519824607330304,Politics
305688840377618432,Politics
234411178087038977,Sports
305303893187887105,Politics
2469710692,Sports
273258217797214209,Politics
305913681357725697,Politics
306347783441510400,Sports
306458294057316353,Politics
281810924615118848,Politics
267042898774720512,Politics
304057392243564545,Politics
304593172384845824,Politics
298010097253236736,Politics
305679064700710913,Politics
293854014209130497,Politics
299676871275192320,Sports
303710013803868160,Politics
276787236203270144,Sports
234247896575406080,Politics
301331975225094144,Politics
7750962595,Sports
302735275820449792,Sports
301820619031474176,Politics
304981191482802177,Sports
305862638678712320,Sports
305601094459990016,Sports
306491057724600320,Politics
300924642510639105,Politics
234769451726282752,Politics
305352104254509057,Sports
275423307690553344,Sports
304358822007435265,Sports
306010671311646720,Sports
305781921709965313,Politics
293431545975414784,Politics
256162532249706498,Politics
304692659178573825,Politics
306020037360226304,Sports
306478148277661696,Politics
298227636814090240,Sports
302222998092537857,Politics
306245327604809728,Politics
304261098020933632,Politics
305876696471597058,Politics
304500542825168897,Politics
299527540756840448,Sports
234557814733955072,Politics
306343369905434624,Politics
297357196981846018,Politics
300705897267736577,Sports
299927108770209793,Sports
302519275585953794,Politics
234759645149941760,Sports
305683290612977665,Politics
297966951311998977,Politics
297292079632105472,Sports
302465096058298368,Politics
297357227319255040,Sports
305691854589009920,Politics
304253959223267328,Sports
305501541509496832,Sports
301560527216316416,Sports
264760371179565056,Politics
296905835530047488,Politics
306109319265538048,Sports
306797601808850945,Politics
306101366936457216,Politics
306421371343351809,Politics
304664102775713793,Sports
306269742577102848,Politics
299676731768451072,Politics
282023761044189184,Politics
303879735006601216,Politics
297956846046703616,Politics
304265049537658880,Politics
306430391928115200,Politics
